"category","missing_value"
"order","Ericales"
"order","Santalales"
"order","Cornales"
"order","Dipsacales"
"order","Bryales"
"order","Myrtales"
"order","Hypnales"
"order","Proteales"
"order","Encalyptales"
"order","Pottiales"
"order","Oxalidales"
"order","Solanales"
"order","Grimmiales"
"order","Malvales"
"order","Polypodiales"
"order","Lunulariales"
"order","Porellales"
"order","Dilleniales"
"order","Aquifoliales"
"order","Pelliales"
"order","Gigartinales"
"order","Dicranales"
"order","Marchantiales"
"order","Bartramiales"
"order","Boraginales"
"order","Celastrales"
"order","Ptilidiales"
"order","Orthotrichales"
"order","Metzgeriales"
"order","Hedwigiales"
"order","Equisetales"
"order","Arecales"
"order","Polytrichales"
"order","Archidiales"
"order","Andreaeales"
"order","Trentepohliales"
"order","Ceramiales"
"order","Corallinales"
"order","Ulvales"
"order","Palmariales"
"order","Bangiales"
"order","Plocamiales"
"order","Rhodymeniales"
